Customer_ID,Name,Age,SSN,Occupation,snapshot_date
CUS_0x1000,Alistair Barrf,18,913-74-1218,Lawyer,2023-05-01
CUS_0x1026,Josephv,52,500-62-9044,Manager,2023-10-01
CUS_0x103e,Tim Kellyf,40,155-72-8070,Scientist,2024-12-01
CUS_0x104e,Kentaros,50,837-93-5062,Teacher,2023-06-01
CUS_0x107c,Karenh,15,712-17-7369,Journalist,2023-11-01
CUS_0x10c0,Scheyderx,39,658-53-1756,Architect,2024-02-01
CUS_0x1123,Suzannep,15,917-49-8240,Writer,2024-10-01
CUS_0x1145,Blenkinsopr,24,426-31-9194,Teacher,2024-08-01
CUS_0x1168,Philipm,42,773-33-0379,Writer,2023-10-01
CUS_0x11e2,Valetkevitchr,34,809-04-1419,Musician,2024-12-01
CUS_0x1231,James Reganc,39,780-20-7811,Journalist,2024-11-01
CUS_0x1233,Tetsushi Kajimotox,51,816-01-8282,Entrepreneur,2024-05-01
CUS_0x123a,Michelle Martinh,14,669-29-3700,Media_Manager,2023-03-01
CUS_0x1252,Irene Preisingera,28,938-09-5300,Entrepreneur,2023-02-01
CUS_0x1281,ernardop,18,728-18-4971,Writer,2023-11-01
CUS_0x12af,Marius Zahariao,37,430-21-6270,Manager,2024-03-01
CUS_0x12d1,Hirschlers,41,618-45-3370,Accountant,2024-01-01
CUS_0x12ef,Christiaans,43,912-09-9755,Mechanic,2024-02-01
CUS_0x12fc,illo,18,439-29-4580,Manager,2024-03-01
CUS_0x131f,Silke Koltrowitzl,46,006-11-7238,Developer,2024-05-01
CUS_0x1325,Philipz,27,918-42-0845,Accountant,2023-01-01
CUS_0x133e,Carews,41,914-49-0079,Entrepreneur,2024-01-01
CUS_0x13bc,Rie Ishiguroi,23,934-82-6083,Engineer,2023-11-01
CUS_0x13c2,Menonv,40_,090-98-4724,Teacher,2024-02-01
CUS_0x13d6,Michaelk,44,502-34-9558,Engineer,2023-07-01
CUS_0x13f6,Levinea,46,178-96-0125,Entrepreneur,2023-07-01
CUS_0x1422,Eva Kuehnent,16,#F%$D@*&8,Developer,2024-04-01
CUS_0x1470,Jatindrax,24,541-60-3931,Accountant,2024-02-01
CUS_0x1498,Raymondk,40,335-78-1643,Manager,2023-10-01
CUS_0x14a3,Prustyx,-500,642-06-3189,Media_Manager,2023-07-01
CUS_0x14c1,Denny Thomasz,37,695-59-2005,Media_Manager,2023-11-01
CUS_0x14d3,enl,32,219-57-6916,Teacher,2023-12-01
CUS_0x14f1,Viswanathag,30,#F%$D@*&8,Engineer,2024-09-01
CUS_0x150c,Robd,21,008-81-3367,Mechanic,2023-07-01
CUS_0x15da,Lynch Emilyy,24,283-09-7565,Doctor,2024-02-01
CUS_0x15f8,Sonali Paulv,37,979-81-8610,Developer,2024-06-01
CUS_0x1691,Ermanr,44,003-83-8192,Media_Manager,2024-09-01
CUS_0x16a4,Sakari Suoninenr,36,550-63-8553,Architect,2023-02-01
CUS_0x16ae,Pascalz,40,567-87-6871,Musician,2025-01-01
CUS_0x16b1,illy Cheungd,36,#F%$D@*&8,_______,2024-06-01
CUS_0x16f8,Nate Raymondz,25,107-46-5762,Architect,2023-09-01
CUS_0x16fd,Padraic Halpinn,34,953-21-5076,Architect,2024-07-01
CUS_0x1743,Terryh,23,005-76-5155,Mechanic,2024-06-01
CUS_0x1765,Harryw,32,966-30-5287,Engineer,2024-12-01
CUS_0x17ec,Billz,39,853-62-7450,Architect,2024-02-01
CUS_0x17f3,Ronald Groverk,39,033-08-6622,Manager,2024-06-01
CUS_0x17ff,Michaelk,21,280-03-3060,Scientist,2024-10-01
CUS_0x181a,Andrewr,56,165-48-8166,Mechanic,2023-08-01
CUS_0x181e,Robert Robertssonf,36,949-56-8430,Doctor,2023-01-01
CUS_0x1833,Wolfc,49,277-68-3924,Architect,2024-12-01
CUS_0x1835,Jeffrey Hellerw,18,013-26-5726,Doctor,2024-11-01
CUS_0x1869,Tim Hephero,30,716-60-2791,Developer,2023-08-01
CUS_0x187e,Tomx,28,229-21-4534,Entrepreneur,2023-12-01
CUS_0x18ab,Huw Jonesb,20,023-12-4309,Musician,2024-06-01
CUS_0x18bc,Lauraq,41,653-29-6403,Engineer,2024-12-01
CUS_0x18c5,Gabriel Debenedettio,38,383-85-3208,Lawyer,2023-06-01
CUS_0x18e8,Sabrinaq,32,961-57-1916,Lawyer,2024-06-01
CUS_0x18f5,Motsoenengi,54,169-46-3515,Accountant,2024-08-01
CUS_0x1920,Robertp,42,350-32-7099,Scientist,2023-01-01
CUS_0x1929,Rickw,29,395-44-7800,Engineer,2024-11-01
CUS_0x192f,Luciam,22,952-38-9618,_______,2023-04-01
CUS_0x1934,Sophieh,42,170-20-9873,Entrepreneur,2023-02-01
CUS_0x193b,Guiy,16,044-37-0803,Lawyer,2023-07-01
CUS_0x1947,Casey Sullivans,56,715-00-9807,Engineer,2024-08-01
CUS_0x19a0,Jacobsg,39,564-87-3414,Scientist,2024-12-01
CUS_0x19b2,Rebecca Hamiltonx,38,469-26-7362,Developer,2024-03-01
CUS_0x19c9,Cableo,31_,534-54-1028,Entrepreneur,2024-03-01
CUS_0x1a4b,Denis Pinchuke,23,490-54-0863,Doctor,2024-06-01
CUS_0x1a5a,Petes,36,225-82-5288,Lawyer,2024-04-01
CUS_0x1a96,Sinead Carewi,50_,405-79-5399,Media_Manager,2024-08-01
CUS_0x1a9c,Richwinem,38,898-03-0260,Writer,2023-01-01
CUS_0x1aaf,Swatiu,24,750-26-4712,Engineer,2023-10-01
CUS_0x1ab3,Ritsukoc,41,446-10-6070,Entrepreneur,2023-01-01
CUS_0x1abb,Euan Rochaa,41,014-18-6605,Lawyer,2023-10-01
CUS_0x1ad6,Ilona Wissenbachm,14,127-10-3342,Lawyer,2024-10-01
CUS_0x1add,Svenk,23,917-37-8257,Doctor,2023-03-01
CUS_0x1b29,Helenb,30,634-57-5757,Media_Manager,2023-12-01
CUS_0x1b3b,Greg Roumeliotisq,49,473-62-8692,Lawyer,2024-09-01
CUS_0x1b8a,Ryanu,33,577-72-6050,_______,2024-06-01
CUS_0x1bac,Wolfo,1220,469-12-4672,_______,2024-11-01
CUS_0x1bfd,Dougs,40_,882-93-1200,Writer,2024-08-01
CUS_0x1c1c,Giancarlo Navachv,45,702-44-7038,Writer,2023-10-01
CUS_0x1c1f,Andreas Cremerz,19,547-35-1825,Writer,2024-01-01
CUS_0x1c40,Giannonet,35,602-19-3236,Accountant,2023-11-01
CUS_0x1c58,Palmerp,43,190-08-2429,Writer,2024-10-01
CUS_0x1c65,Kubotay,24,238-12-2167,Media_Manager,2023-11-01
CUS_0x1c79,Lashb,45,699-49-5543,Engineer,2023-07-01
CUS_0x1ca9,David Ingramd,30,044-46-7121,Manager,2023-06-01
CUS_0x1d33,Christiaan Hetznern,40,697-07-9858,Journalist,2024-01-01
CUS_0x1d51,Bena,49,782-33-0423,Developer,2024-06-01
CUS_0x1d6f,Polansekj,18,197-05-2509,_______,2023-06-01
CUS_0x1d85,Daniely,33,057-78-0785,Engineer,2024-03-01
CUS_0x1dac,Dhanya Skariachanr,29_,235-35-8527,Mechanic,2024-05-01
CUS_0x1db0,Victorial,27,428-05-7900,_______,2023-06-01
CUS_0x1dc4,Doeringr,42,809-45-0364,Journalist,2024-05-01
CUS_0x1e4d,Nicola Leskez,19_,669-94-5422,Entrepreneur,2023-04-01
CUS_0x1e72,Jonathan Stempelb,36,895-93-2668,Architect,2024-01-01
CUS_0x1e87,Shirbonu,25,988-83-0517,Lawyer,2023-12-01
CUS_0x1e9c,Berkowitzo,17,810-61-0368,Engineer,2023-12-01
CUS_0x1ea8,Deepaz,30,686-34-7861,Teacher,2024-05-01
CUS_0x1ebe,Ernestl,52,721-47-3071,Media_Manager,2024-10-01
CUS_0x1ebf,Sarah McBridep,50,803-57-9764,_______,2024-09-01
CUS_0x1ee3,Barrl,35,772-48-5860,Doctor,2023-05-01
CUS_0x1f70,ewich Noelf,55,976-79-4462,Scientist,2024-05-01
CUS_0x1ff7,Benf,48,324-29-5086,Developer,2023-01-01
CUS_0x203c,Estelle Shirbonu,26,631-48-5152,Accountant,2023-05-01
CUS_0x2058,Alexeif,-500,964-56-1036,Journalist,2024-11-01
CUS_0x209a,Giseldaz,20,472-99-1273,Architect,2024-12-01
CUS_0x20de,McCoolb,40,446-11-4496,_______,2024-12-01
CUS_0x20e0,Anjuliy,34,079-99-9062,Media_Manager,2024-11-01
CUS_0x210d,Laurene,33,667-42-0049,Journalist,2023-09-01
CUS_0x2176,Denny Thomasl,37,308-31-8537,Writer,2024-03-01
CUS_0x21ac,Ermanz,27,333-78-2654,Developer,2025-01-01
CUS_0x2240,Stellav,28,617-35-4690,Media_Manager,2023-05-01
CUS_0x2242,Barrf,39,067-10-5283,Teacher,2023-05-01
CUS_0x2267,Rigbyv,43,322-94-2134,_______,2024-03-01
CUS_0x2274,Natem,41,373-63-8139,Entrepreneur,2023-01-01
CUS_0x2372,Matthias Blamontl,41,304-34-0889,Scientist,2024-12-01
CUS_0x239e,Ann Saphirs,35,867-85-4862,Musician,2024-01-01
CUS_0x23a5,Horowitze,25,618-88-5996,Lawyer,2024-10-01
CUS_0x240e,Lukex,37,944-76-1544,Writer,2024-05-01
CUS_0x247e,Jenniferc,44,368-98-6866,_______,2024-08-01
CUS_0x248f,Elizabeth Pineauk,30,497-82-1914,Scientist,2023-08-01
CUS_0x2567,Jeremy Gaunty,49,403-47-0514,Doctor,2023-05-01
CUS_0x2579,Mutikanip,29,276-60-8172,Architect,2024-07-01
CUS_0x2596,Herbert Lasho,16,174-34-6415,Lawyer,2025-01-01
CUS_0x25e0,Jed Horowitzk,39,861-61-4315,Architect,2024-12-01
CUS_0x25f6,Nishant Kumard,15,781-55-7343,Mechanic,2024-05-01
CUS_0x26ac,Ryanz,26,023-06-5608,Musician,2024-10-01
CUS_0x26d4,Caroline Valetkevitchj,39,331-38-2680,Lawyer,2023-08-01
CUS_0x26ff,Lauren Taraq,16,539-95-4727,Musician,2024-02-01
CUS_0x2708,ernien,28_,287-44-5880,Scientist,2023-11-01
CUS_0x2714,Tom Halsr,15,129-56-9147,Journalist,2024-04-01
CUS_0x2717,Spiceri,31,617-86-7354,_______,2024-03-01
CUS_0x271e,C.u,28,171-21-9582,Musician,2023-04-01
CUS_0x2730,Paul Carrelb,39,272-36-5834,Engineer,2024-03-01
CUS_0x2784,Matthieu Protardo,33,477-65-5868,Architect,2023-07-01
CUS_0x279c,Mattn,19,030-99-3660,Media_Manager,2023-12-01
CUS_0x27ab,Annc,30,626-43-7937,Media_Manager,2024-03-01
CUS_0x2834,Dennyd,3640,533-04-5976,Scientist,2024-08-01
CUS_0x2847,Kirstine,49,840-37-8707,Journalist,2023-03-01
CUS_0x2863,Serapiow,46,150-77-6507,Architect,2024-04-01
CUS_0x2883,Stanley Whitex,17,354-08-5738,Journalist,2023-11-01
CUS_0x2887,Gerry Shihq,43,055-75-4532,_______,2024-10-01
CUS_0x289d,Scuffhame,54,983-41-0016,Journalist,2023-10-01
CUS_0x28ee,Gohj,42,875-31-2310,Manager,2025-01-01
CUS_0x28ef,Davidy,25,694-69-4113,Doctor,2024-09-01
CUS_0x292b,Dhanyaf,47,318-24-7537,Engineer,2025-01-01
CUS_0x2934,Chang-Rani,34,929-54-9881,Lawyer,2024-06-01
CUS_0x298f,Jackie Rangem,53,069-50-9238,Accountant,2024-09-01
CUS_0x29ef,Stephen Brownz,32,560-72-1726,Entrepreneur,2023-08-01
CUS_0x29f5,Sarahq,36,039-46-6036,Developer,2023-03-01
CUS_0x2a08,Lawrence Hurleyl,43,#F%$D@*&8,Doctor,2023-05-01
CUS_0x2a12,Halpina,21,087-87-0131,Scientist,2023-04-01
CUS_0x2a3a,Clarei,26,497-15-6884,_______,2023-04-01
CUS_0x2a57,Meganx,20,274-80-1161,Engineer,2024-05-01
CUS_0x2a9a,ernardu,31,286-58-6752,Architect,2023-05-01
CUS_0x2aa8,Dmitracovan,33,357-25-7547,Media_Manager,2024-12-01
CUS_0x2abd,Paola Arosior,45,539-11-2283,Entrepreneur,2024-08-01
CUS_0x2ae8,Estelle Shirbonp,21,498-74-4915,Engineer,2024-08-01
CUS_0x2b7a,Myles Neligann,44,497-83-0932,Architect,2024-08-01
CUS_0x2b7d,Krasnyy,16,324-44-7622,Accountant,2024-06-01
CUS_0x2b94,"""rendan OBrien""f",48,528-54-1734,Engineer,2023-05-01
CUS_0x2ba4,Steve Slaterr,28,373-18-8417,Mechanic,2024-08-01
CUS_0x2bce,Jessical,28,362-84-5105,Entrepreneur,2024-07-01
CUS_0x2c0d,ernieh,55,784-23-6447,Doctor,2023-03-01
CUS_0x2c14,Dani,48,022-42-7781,Entrepreneur,2023-09-01
CUS_0x2c48,Hubbardm,43,434-93-5925,Architect,2023-03-01
CUS_0x2c7d,Kobzevad,30,677-10-1495,Mechanic,2025-01-01
CUS_0x2c9f,Nate Raymondk,16,469-09-7205,Teacher,2023-09-01
CUS_0x2d05,Richard Leongj,36,#F%$D@*&8,Media_Manager,2023-07-01
CUS_0x2d16,Andreaj,37,502-57-9756,Media_Manager,2024-11-01
CUS_0x2d78,Seetharamann,43,622-94-8955,Media_Manager,2023-07-01
CUS_0x2db5,Carlynv,16,929-60-6423,Writer,2025-01-01
CUS_0x2de1,Poornima Guptaj,30,139-40-9715,Media_Manager,2023-10-01
CUS_0x2e31,Kevin Limp,23,377-14-3303,Scientist,2024-11-01
CUS_0x2eb7,Danielj,17,292-20-5574,Doctor,2024-11-01
CUS_0x2f11,Poornimat,47,148-19-8466,Writer,2023-03-01
CUS_0x2f31,Padraicb,53,649-23-1895,Developer,2023-10-01
CUS_0x2fc9,Halsz,52,276-80-1606,Doctor,2024-08-01
CUS_0x2ffe,Conlinx,3834_,453-58-5804,Doctor,2024-02-01
CUS_0x301d,Bartk,19,#F%$D@*&8,Writer,2023-08-01
CUS_0x3033,Tommyl,55,159-13-7415,Teacher,2023-02-01
CUS_0x303d,Patrickr,44,592-26-4117,_______,2025-01-01
CUS_0x3066,Chrish,36,813-02-4659,Musician,2024-02-01
CUS_0x30ae,Michaeli,18,808-52-5403,Scientist,2023-12-01
CUS_0x30c5,Georgina Prodhanq,18,720-16-9648,Media_Manager,2024-12-01
CUS_0x30db,ewichm,44,247-06-9289,Journalist,2024-11-01
CUS_0x311a,Sveaa,47,381-74-5902,Media_Manager,2023-12-01
CUS_0x3155,Edward Taylork,38,743-64-6287,Manager,2023-03-01
CUS_0x31b2,Ajith,25,552-70-4063,Engineer,2023-07-01
CUS_0x3279,Lawrencev,41,837-88-8352,Writer,2024-02-01
CUS_0x3295,Vaughanp,31,052-66-2034,Writer,2023-02-01
CUS_0x32a9,Yara Bayoumyd,23,708-76-8725,Manager,2024-05-01
CUS_0x32c7,Growv,30,224-30-1995,Journalist,2023-10-01
CUS_0x32f5,Valetkevitchc,41,149-20-2571,Media_Manager,2023-09-01
CUS_0x3383,Diane Bartzv,31,407-85-2454,_______,2024-04-01
CUS_0x3393,Katharinai,40,061-14-3234,Accountant,2023-02-01
CUS_0x33da,James Tophamn,55,911-49-3124,Writer,2023-07-01
CUS_0x33ea,Grant McCoolg,20,729-59-5840,Accountant,2023-10-01
CUS_0x342a,Andreasm,34,566-11-2306,Lawyer,2024-08-01
CUS_0x3490,Patrick Temple-Westw,47,148-97-6437,Journalist,2023-01-01
CUS_0x34a3,Greg Roumeliotise,40,423-84-9607,Teacher,2023-09-01
CUS_0x34f2,Kaorii,23,008-83-1454,Accountant,2023-06-01
CUS_0x352f,Whiteo,14,333-78-0103,Teacher,2023-11-01
CUS_0x3551,Sarahy,19,162-44-5518,Mechanic,2024-07-01
CUS_0x35dd,imartex,18,149-70-0176,Architect,2024-09-01
CUS_0x362c,dag,44,196-02-8091,Lawyer,2023-06-01
CUS_0x365b,Katharina Bartz,43,836-54-5001,Scientist,2023-02-01
CUS_0x368f,Stebbinsn,15,586-18-1041,Mechanic,2023-12-01
CUS_0x36c7,Sarah McBrided,46,136-53-7387,Scientist,2024-06-01
CUS_0x36ee,Richard Cowanp,47,427-11-3112,Teacher,2023-04-01
CUS_0x370c,Salazarb,29,009-86-5924,Media_Manager,2024-06-01
CUS_0x373b,en Berkowitzi,32,368-07-2548,Media_Manager,2024-03-01
CUS_0x376e,Palmerz,48,084-31-1205,Mechanic,2024-06-01
CUS_0x377b,Norihiko Shirouzun,50,#F%$D@*&8,Scientist,2023-02-01
CUS_0x37a4,Gilles Guillaumeh,25,797-48-3371,Entrepreneur,2023-09-01
CUS_0x37e6,Foor,23,491-70-1469,Architect,2024-07-01
CUS_0x37fb,Giselda Vagnonis,34,829-28-9860,Lawyer,2024-07-01
CUS_0x383e,Nicku,36_,842-46-0151,_______,2023-04-01
CUS_0x384c,David Henryp,42,813-91-8749,Scientist,2024-08-01
CUS_0x3854,Kimt,21,774-91-6471,Manager,2024-09-01
CUS_0x385d,Malones,32,647-38-7901,Teacher,2024-06-01
CUS_0x3868,Gerryv,34,916-37-8123,_______,2023-07-01
CUS_0x386e,Shirbonh,22,610-24-1396,Scientist,2023-07-01
CUS_0x38a7,Halsm,26,774-52-8320,Developer,2024-12-01
CUS_0x38aa,Rodrigo Camposk,42,132-95-9102,Media_Manager,2024-10-01
CUS_0x38ad,Sierrat,34,790-82-5635,Media_Manager,2024-02-01
CUS_0x38dc,radenp,44,#F%$D@*&8,Mechanic,2024-11-01
CUS_0x3909,Karen Jacobsk,33,833-13-6967,Entrepreneur,2024-07-01
CUS_0x3911,Alwyn Scottj,23,#F%$D@*&8,Doctor,2023-09-01
CUS_0x396d,Rodrigo Camposi,32_,931-05-8291,Manager,2023-09-01
CUS_0x39c5,Douwem,44,908-64-8885,Mechanic,2024-03-01
CUS_0x3a85,Nate Raymondo,29,058-58-1144,Musician,2024-02-01
CUS_0x3a94,Mikew,32,642-07-8250,Mechanic,2023-12-01
CUS_0x3a9d,Garimac,23,725-74-3647,Scientist,2023-10-01
CUS_0x3aa1,Kerberc,39,701-98-5720,_______,2024-07-01
CUS_0x3ace,Shirbonf,30,409-44-5696,Engineer,2023-11-01
CUS_0x3ad4,Angelika Grubery,41,383-19-8762,Accountant,2023-09-01
CUS_0x3b2a,Carolinez,23,#F%$D@*&8,Scientist,2023-01-01
CUS_0x3b2b,Economics Correspondentg,33,300-29-2872,Mechanic,2023-05-01
CUS_0x3baa,Katya Wachtelg,41,751-36-7857,Media_Manager,2024-02-01
CUS_0x3bba,LaCapram,40,625-83-8662,Musician,2024-05-01
CUS_0x3bc6,Jonesh,27,037-16-8686,Manager,2023-01-01
CUS_0x3ce3,Euan Rochai,47,319-42-1987,Entrepreneur,2024-01-01
CUS_0x3cfb,Lionelq,32,637-69-3471,_______,2023-06-01
CUS_0x3d58,Sinead Carewa,41,093-70-9090,Teacher,2023-02-01
CUS_0x3d7e,Lisaa,36,809-41-5393,_______,2024-05-01
CUS_0x3d9c,Sybille dee,50,#F%$D@*&8,Musician,2023-05-01
CUS_0x3dd8,Anirban Nagy,25,851-44-4923,Entrepreneur,2024-12-01
CUS_0x3ded,Robin Emmottt,16,226-87-4091,Scientist,2023-04-01
CUS_0x3e14,Petera,55,681-52-1334,Writer,2023-04-01
CUS_0x3e36,Vlastelicap,26,758-48-3253,Doctor,2024-10-01
CUS_0x3e54,Ramptonu,47,923-35-3568,Accountant,2023-01-01
CUS_0x3ea3,Michelle Conlink,42,717-18-8612,Teacher,2023-02-01
CUS_0x3ec6,Matt Dailyf,21,539-95-3833,Engineer,2023-10-01
CUS_0x3ee,Matthias Blamontb,38,354-65-6948,Journalist,2023-12-01
CUS_0x3eed,Vlastelican,35,018-83-9065,Engineer,2024-06-01
CUS_0x3ef,Soyoung Kimu,48,964-81-2710,Manager,2023-11-01
CUS_0x3ef5,Robinsonl,32,259-09-9023,Doctor,2024-02-01
CUS_0x3f49,Johny,56,860-62-7728,Accountant,2024-04-01
CUS_0x3f75,Nigelr,55,841-56-7167,Media_Manager,2024-06-01
CUS_0x3f94,Natalie Wrightp,52,089-12-3246,Entrepreneur,2024-08-01
CUS_0x3ff5,Martinnei,52,436-17-6958,Musician,2024-12-01
CUS_0x4020,Valetkevitchi,33,273-14-6142,Mechanic,2024-08-01
CUS_0x4036,McBridek,34,940-07-3149,Musician,2023-12-01
CUS_0x4052,Andreax,41,302-67-3713,Manager,2023-08-01
CUS_0x406,Robert-Jano,33,473-73-3353,Architect,2024-01-01
CUS_0x4068,Ognibenep,20,096-81-0180,Entrepreneur,2024-04-01
CUS_0x4086,Matthewm,40,408-77-8665,Scientist,2023-03-01
CUS_0x4098,Greg Roumeliotisk,18,422-50-2476,Doctor,2024-04-01
CUS_0x40b1,Scheydera,21,774-77-2188,Developer,2023-04-01
CUS_0x40bd,Nick Zieminskip,53,681-32-9435,Architect,2024-01-01
CUS_0x40f8,Michaelk,21,423-29-2528,Developer,2024-09-01
CUS_0x411a,enk,47,123-15-3150,Writer,2023-02-01
CUS_0x414d,Jonasb,20,587-81-5669,Architect,2024-06-01
CUS_0x4159,Deepa Seetharamany,42,143-85-9083,Manager,2023-10-01
CUS_0x416f,le Leilae,18,562-69-0668,Mechanic,2023-01-01
CUS_0x4192,Maltezouu,14_,589-12-7572,Engineer,2024-07-01
CUS_0x41ae,Ashley Lauo,49,192-41-5590,Doctor,2023-10-01
CUS_0x41be,Selyukha,35,700-01-5042,Musician,2024-04-01
CUS_0x41d3,Nick Browna,43,170-57-5121,Engineer,2024-04-01
CUS_0x41f3,Cowann,18,375-73-1499,Developer,2023-03-01
CUS_0x4229,McAllisterq,46,588-79-8277,Architect,2024-11-01
CUS_0x4241,Jessicaf,20,606-31-5436,Media_Manager,2023-09-01
CUS_0x4287,Mohantyl,22,271-62-6210,Scientist,2023-08-01
CUS_0x4293,Andrewa,29,081-50-2290,Entrepreneur,2024-12-01
CUS_0x42a5,Kathy Finnc,45,013-16-5858,Manager,2024-05-01
CUS_0x42bc,Berkrotb,32,440-19-7005,Developer,2023-06-01
CUS_0x4312,Julia Edwardsf,52,446-88-8137,Scientist,2023-04-01
CUS_0x4313,Tanya Agrawalc,3899,903-92-2277,Journalist,2023-07-01
CUS_0x4390,Josephf,25,432-21-8763,Musician,2024-06-01
CUS_0x43bf,Henryj,44,233-99-4568,Lawyer,2024-12-01
CUS_0x43e7,Poornimad,54,200-09-2850,Mechanic,2024-10-01
CUS_0x444b,Saeed Azharz,53,416-66-6368,Entrepreneur,2024-02-01
CUS_0x446,Edwardso,44,767-35-3133,Architect,2023-08-01
CUS_0x446f,Tom Billx,52_,318-09-4149,Accountant,2023-12-01
CUS_0x447b,ewich Jimn,36,107-71-0612,Musician,2024-08-01
CUS_0x4496,Granth,44,091-74-3731,Entrepreneur,2024-01-01
CUS_0x44ec,raden Reddallv,28,856-69-9384,Doctor,2024-05-01
CUS_0x44f,Nate Raymondr,35,690-43-7279,Journalist,2023-11-01
CUS_0x4505,Ross Kerberb,55,814-20-6857,Developer,2023-06-01
CUS_0x453a,Jonathan Saulf,45_,938-41-8427,Lawyer,2023-05-01
CUS_0x4569,Carlos Ruanoy,19,086-69-7305,Developer,2023-04-01
CUS_0x456d,Melanie Burtond,55_,594-26-5566,Lawyer,2023-10-01
CUS_0x4590,Diane Bartze,28_,265-27-8321,Entrepreneur,2024-07-01
CUS_0x45b,Billk,28,042-96-0101,_______,2023-08-01
CUS_0x45e1,Kim Dixonz,36,039-56-8958,Architect,2024-03-01
CUS_0x4657,Strupczewskim,23,840-29-9898,Journalist,2024-09-01
CUS_0x465c,Douwe Miedemay,24,312-92-8664,Media_Manager,2023-11-01
CUS_0x46d5,Kevinh,26,416-55-5307,Doctor,2023-12-01
CUS_0x4778,Alistair Barrx,30,888-43-4739,Journalist,2024-04-01
CUS_0x47ed,Rujun Shent,23,157-48-1855,Writer,2023-09-01
CUS_0x47f9,Hepheru,44,185-39-2208,Journalist,2024-08-01
CUS_0x481d,Poornima Guptah,34,021-95-8924,Musician,2023-04-01
CUS_0x4863,Kevinx,-500,458-70-1304,Lawyer,2024-07-01
CUS_0x4866,Gergelye,16,167-26-7699,Journalist,2024-06-01
CUS_0x487a,Suzanne Barlyny,27,795-68-8114,Scientist,2024-03-01
CUS_0x488b,Halsh,26,504-16-8903,Engineer,2024-10-01
CUS_0x489d,Norihiko Shirouzuz,28,145-04-2105,_______,2024-11-01
CUS_0x48b7,Antonio,25,233-46-6078,Doctor,2023-03-01
CUS_0x48ee,Zieminskij,40,328-26-2142,Scientist,2024-03-01
CUS_0x4939,Claire Davenporty,35,980-86-1679,Writer,2023-01-01
CUS_0x494c,Halpine,39,849-28-7686,Accountant,2024-09-01
CUS_0x496e,Rodrigoy,21,847-75-6199,Mechanic,2023-12-01
CUS_0x49b5,Deborahp,47,654-19-7135,Entrepreneur,2023-07-01
CUS_0x4a3c,Wilchinsd,34,886-78-4089,Engineer,2024-10-01
CUS_0x4a78,Francesco Guarasciom,34_,383-45-6241,Architect,2024-09-01
CUS_0x4a82,Dhanya Skariachanu,46,711-75-2709,Developer,2024-07-01
CUS_0x4b5d,Jacobse,22,457-76-4147,Media_Manager,2023-08-01
CUS_0x4b6b,Emma Thomassonn,20,231-66-9150,Developer,2023-10-01
CUS_0x4bd,Stanleya,55,422-79-5494,Mechanic,2024-05-01
CUS_0x4bfb,Tanyaj,44,352-16-8068,Mechanic,2023-12-01
CUS_0x4c13,Wachtelh,49,#F%$D@*&8,Lawyer,2024-10-01
CUS_0x4c33,Vlastelicad,15,511-02-6078,Lawyer,2024-10-01
CUS_0x4c95,asil Katzh,21,397-40-3219,Architect,2024-10-01
CUS_0x4c9a,Shieldsv,31,462-85-2090,Manager,2024-04-01
CUS_0x4cfd,Edwinp,37,776-43-3476,Engineer,2023-07-01
CUS_0x4d26,Solarinam,20_,133-18-6855,Architect,2024-05-01
CUS_0x4d90,Steved,31,977-54-9640,_______,2024-06-01
CUS_0x4dbd,Scuffhamy,-500,825-76-8127,Scientist,2023-10-01
CUS_0x4ddc,Henryw,45,641-04-8218,Doctor,2023-01-01
CUS_0x4de9,Norihikoc,36,005-57-7419,Writer,2023-02-01
CUS_0x4deb,illz,46,036-54-9362,Musician,2024-11-01
CUS_0x4e0d,Robertau,21,861-75-5653,Manager,2023-09-01
CUS_0x4e43,Karen Jacobsy,17_,781-53-2870,Accountant,2023-08-01
CUS_0x4e47,Ashleyo,23,242-52-1703,Musician,2023-05-01
CUS_0x4e73,Yantoultra Nguic,47_,493-46-7198,Developer,2024-01-01
CUS_0x4eb3,Millikenu,1087,988-54-9029,Entrepreneur,2024-09-01
CUS_0x4ee1,Wohlb,16,529-25-9023,Entrepreneur,2024-07-01
CUS_0x4ee7,Solarinal,37,999-01-9823,Engineer,2024-05-01
CUS_0x4fe9,Schladerm,23,296-37-3283,Doctor,2024-08-01
CUS_0x5002,Ann Saphird,19,913-93-5303,Developer,2023-04-01
CUS_0x503f,Tommyo,37,912-49-8079,Musician,2025-01-01
CUS_0x5052,Liana B.t,19,103-91-9926,Musician,2023-08-01
CUS_0x506d,Jonathan Stempelm,47,707-39-5108,Media_Manager,2024-04-01
CUS_0x507d,Maltezoux,26,986-81-4930,Teacher,2024-07-01
CUS_0x50dd,Abhishek Vishnoii,32,#F%$D@*&8,Lawyer,2023-05-01
CUS_0x50f7,Stanleyb,-500,931-83-3982,Developer,2023-01-01
CUS_0x5146,allh,36,324-50-3753,Entrepreneur,2024-06-01
CUS_0x5161,Melanie Leef,17,566-41-9357,Writer,2024-03-01
CUS_0x5171,Tayloro,43,686-96-5490,Engineer,2024-04-01
CUS_0x5172,Aruna Viswanathac,36,293-53-8143,Doctor,2023-05-01
CUS_0x51e7,Christopher Doeringl,44,772-53-7704,Lawyer,2023-01-01
CUS_0x5215,Carolinef,33,#F%$D@*&8,Musician,2023-06-01
CUS_0x52bf,Diane Bartzn,46,331-26-0350,Manager,2024-12-01
CUS_0x52c3,Levinek,22,942-61-3792,Mechanic,2025-01-01
CUS_0x52f1,Richard Leongo,34,090-45-4457,Entrepreneur,2023-04-01
CUS_0x5321,Rodrigo Camposk,27,301-55-3014,Accountant,2023-05-01
CUS_0x535a,Mari Saitot,50,359-11-2781,Manager,2024-10-01
CUS_0x537,Seetharamann,42,#F%$D@*&8,Accountant,2023-01-01
CUS_0x53aa,en Klaymanp,39,291-32-9772,Writer,2024-10-01
CUS_0x53fc,Paulb,39,777-57-0144,Engineer,2023-11-01
CUS_0x540e,Oreskovicq,31,238-20-2884,Mechanic,2024-10-01
CUS_0x552,Harry Papachristous,48,837-55-2459,Engineer,2024-08-01
CUS_0x5523,Christiaan Hetznery,25,871-01-3296,Lawyer,2024-09-01
CUS_0x5554,ernardx,54,225-64-6391,Lawyer,2024-04-01
CUS_0x556,Marjas,25,095-52-8820,Doctor,2025-01-01
CUS_0x5563,Luke Bakerq,43,589-80-1768,Manager,2023-04-01
CUS_0x55e6,Papachristoug,52,674-87-7848,Doctor,2024-05-01
CUS_0x55ed,Giuseppej,34,369-30-5610,Accountant,2023-03-01
CUS_0x55f5,Robin Paxtonn,42,897-29-6692,Journalist,2024-01-01
CUS_0x5654,Whiter,47,561-85-6550,_______,2023-03-01
CUS_0x56e5,Gregq,24,823-62-0090,Media_Manager,2024-07-01
CUS_0x56ef,Billf,20,454-36-2008,Mechanic,2024-04-01
CUS_0x570b,Levinet,20,453-58-9890,Scientist,2023-08-01
CUS_0x572,Tom Halsb,44,643-37-2319,Teacher,2023-09-01
CUS_0x5761,Taylora,30,154-57-8374,Entrepreneur,2023-12-01
CUS_0x5764,Sublerm,22,672-84-3682,Media_Manager,2024-03-01
CUS_0x576c,Ann Saphirz,32,981-59-1781,Engineer,2024-02-01
CUS_0x57a1,Gernot Hellerh,32,189-61-8704,Musician,2024-08-01
CUS_0x57a7,Harro Teni,18,187-24-6312,Scientist,2024-08-01
CUS_0x57ea,Davidm,56,895-47-6403,Accountant,2023-04-01
CUS_0x581e,Charlesd,44,690-52-2331,Accountant,2024-03-01
CUS_0x584b,Barkinj,27,462-03-5379,Accountant,2023-07-01
CUS_0x5876,Growq,37,593-61-6899,Writer,2023-03-01
CUS_0x58aa,William Schombergh,41,097-10-2324,Lawyer,2024-06-01
CUS_0x58ad,Tom Polansekv,48,504-91-2909,Mechanic,2024-08-01
CUS_0x58f,Rachelle Younglaia,29,744-81-5706,Architect,2023-10-01
CUS_0x590,Patricia Reaneya,43,084-84-5855,Journalist,2024-02-01
CUS_0x59a1,Matthewk,27,676-03-1319,_______,2023-06-01
CUS_0x5a0c,Leila Abboudi,2405,309-33-8401,Developer,2023-12-01
CUS_0x5a26,Shaimaa Fayedk,20,460-90-9091,Musician,2024-11-01
CUS_0x5a48,Pinskerp,52_,549-86-5251,Scientist,2024-03-01
CUS_0x5a58,Julie Steenhuysenm,32,625-74-4024,Entrepreneur,2023-12-01
CUS_0x5a9e,Angelao,1733,080-85-0098,Developer,2023-08-01
CUS_0x5af1,Lewisb,38,620-05-5524,Doctor,2024-08-01
CUS_0x5b64,Woodallu,39,941-63-3418,Lawyer,2024-02-01
CUS_0x5b6c,ernardx,35,796-18-5446,Scientist,2023-04-01
CUS_0x5b77,Marci,22,659-51-2259,Manager,2024-10-01
CUS_0x5bb9,Zawadzkij,23,821-51-9121,Teacher,2024-01-01
CUS_0x5bf,Skariachanj,26,712-86-4030,Scientist,2023-03-01
CUS_0x5c1c,Sineadx,44,584-91-0882,Writer,2023-03-01
CUS_0x5c44,Philipa,39,290-76-5626,Scientist,2024-06-01
CUS_0x5c45,Rick Rothackert,29,497-87-3044,Teacher,2024-08-01
CUS_0x5c59,"ro ""Manuelaj",39,555-77-9205,Architect,2024-02-01
CUS_0x5c7a,Deepa Seetharamanv,33,736-82-6054,Doctor,2023-06-01
CUS_0x5cf2,Eva Kuehneno,33,949-81-4492,Architect,2023-11-01
CUS_0x5cff,Edward Krudyc,18,173-86-1649,Mechanic,2024-02-01
CUS_0x5d50,Tricias,34,560-98-6722,_______,2023-06-01
CUS_0x5d5c,arry Moodye,50,754-88-1234,Engineer,2023-03-01
CUS_0x5d6d,Martinb,39,957-01-2791,Writer,2023-12-01
CUS_0x5d77,Blenkinsopw,16_,305-67-0878,Mechanic,2023-05-01
CUS_0x5d7c,Sumiol,53,277-42-4936,Teacher,2023-02-01
CUS_0x5d95,Timl,22_,809-31-4571,Scientist,2024-07-01
CUS_0x5da7,Sibonneyk,21,947-73-8082,Architect,2025-01-01
CUS_0x5db0,Soyoung Kimo,37,799-61-3504,Writer,2023-11-01
CUS_0x5db9,Sebastiank,26,517-11-7660,Entrepreneur,2024-02-01
CUS_0x5dca,Luv,39,016-75-7834,Accountant,2024-02-01
CUS_0x5de2,Bosleyi,37,#F%$D@*&8,Mechanic,2023-08-01
CUS_0x5e43,Matthew Goldsteinz,21,480-41-6550,Architect,2024-01-01
CUS_0x5e52,Kar-Guptaw,20,960-03-0916,_______,2023-04-01
CUS_0x5ee1,Dhanyaq,25,#F%$D@*&8,Developer,2023-05-01
CUS_0x5ef3,Manoloq,29,933-56-0293,Lawyer,2023-04-01
CUS_0x5f15,Gouldn,33,001-97-1222,Scientist,2024-04-01
CUS_0x5f3f,Alexei Oreskovics,44,659-25-1819,Doctor,2024-01-01
CUS_0x5f49,Loved,43,390-47-2531,Media_Manager,2025-01-01
CUS_0x5f6e,Marc Jonesk,24,074-69-5563,Lawyer,2024-06-01
CUS_0x5fca,aranio,47,861-77-2590,Doctor,2023-11-01
CUS_0x5fcd,Svea Herbst-Baylissc,45,824-25-3641,Lawyer,2023-11-01
CUS_0x5fd6,Pedro daj,54,598-79-6237,Manager,2023-08-01
CUS_0x5ff4,Emmam,53,114-60-4394,Musician,2023-03-01
CUS_0x603b,Nick Edwardsf,38,#F%$D@*&8,Scientist,2024-08-01
CUS_0x6044,Euan Rochab,36,334-17-4619,Journalist,2023-03-01
CUS_0x6054,Lynnleyg,24,024-19-5485,Developer,2023-07-01
CUS_0x60af,Whiteq,27,010-29-7035,Media_Manager,2023-11-01
CUS_0x60c2,Erin Geigerb,14,289-22-3659,Media_Manager,2023-03-01
CUS_0x60c5,Gernot Hellerv,39,078-88-7853,Manager,2024-09-01
CUS_0x6144,Steven C.i,26,#F%$D@*&8,Manager,2024-06-01
CUS_0x6148,Jean Arcer,44,438-39-3090,Accountant,2023-07-01
CUS_0x6159,Rhys Jonesl,40,893-00-5940,Scientist,2023-04-01
CUS_0x615a,Cummings Laurenm,33_,358-87-3917,Musician,2024-06-01
CUS_0x61a6,David Henryl,31,918-55-2997,Doctor,2023-02-01
CUS_0x61e4,Theopolis Watersv,24,864-67-1749,Musician,2023-06-01
CUS_0x61fd,Leongn,33_,172-34-6874,Entrepreneur,2024-09-01
CUS_0x62c8,Yunj,34,756-60-6274,Journalist,2023-03-01
CUS_0x6312,Selyukhy,35,524-43-3739,Media_Manager,2024-11-01
CUS_0x632e,Garima Goelo,53_,608-49-5090,Architect,2024-11-01
CUS_0x632f,Skariachann,33,237-14-5884,Lawyer,2023-02-01
CUS_0x636d,Ramptoni,19,131-96-3902,Accountant,2023-01-01
CUS_0x637b,Levinel,19,824-30-2794,Journalist,2023-03-01
CUS_0x63ac,Nathan Laynew,22,959-51-8089,Teacher,2023-02-01
CUS_0x640e,Foo Yunf,29,584-41-4520,Scientist,2024-05-01
CUS_0x6423,Nick Brownr,29,701-26-8627,Entrepreneur,2024-10-01
CUS_0x6427,Julien Toyerk,21,154-28-7228,Engineer,2023-09-01
CUS_0x6435,Alexei Oreskovicf,27,538-49-2118,Writer,2023-03-01
CUS_0x645e,Stempeld,25,325-99-3118,Developer,2023-03-01
CUS_0x645f,Sonali Paulm,31,024-45-7185,Developer,2023-08-01
CUS_0x64d4,Richardu,51,842-53-1233,Accountant,2023-09-01
CUS_0x64e7,James Pomfreti,38,556-17-3791,Accountant,2024-04-01
CUS_0x6504,Mariannav,56,488-11-2449,Developer,2025-01-01
CUS_0x6569,Marij,20,038-66-1703,Engineer,2023-09-01
CUS_0x6575,Martin Santar,33,368-18-7048,Entrepreneur,2024-06-01
CUS_0x65aa,Masonl,33,990-78-3822,Journalist,2023-02-01
CUS_0x65dc,Dena Aubinj,33,192-63-5749,Musician,2024-09-01
CUS_0x661d,Jimm,25,128-26-1433,Journalist,2023-07-01
CUS_0x6623,Kentaro Sugiyamag,26,877-03-5521,Musician,2024-09-01
CUS_0x6630,Katya Wachtela,32,501-84-0465,Musician,2024-02-01
CUS_0x66a1,Glenn Somervillet,39,425-34-3402,Writer,2023-12-01
CUS_0x66c3,Rickh,36,669-33-0062,Mechanic,2024-07-01
CUS_0x6736,Stolli,27,025-90-1066,Musician,2023-03-01
CUS_0x67cb,Vaughanj,30,726-51-1301,Writer,2023-02-01
CUS_0x67eb,Elzio Barretok,55,241-12-4540,Developer,2023-06-01
CUS_0x67f9,Raymonds,38,226-71-9521,Engineer,2023-03-01
CUS_0x6894,Jessicaa,39,043-33-2748,Media_Manager,2023-12-01
CUS_0x68a7,Huw Jonest,30,437-07-5714,Mechanic,2023-11-01
CUS_0x68b5,Deepa Babingtont,32,112-61-4889,Journalist,2023-06-01
CUS_0x68d1,Emmanueln,37,763-35-0890,Architect,2024-03-01
CUS_0x68d5,Vladimir Soldatkinb,24,856-14-7201,Entrepreneur,2024-08-01
CUS_0x68df,Albertoi,-500,#F%$D@*&8,Developer,2023-03-01
CUS_0x68f6,Mutikaniw,32,176-81-8343,Media_Manager,2025-01-01
CUS_0x6960,Chuckj,23,830-83-0350,Scientist,2024-07-01
CUS_0x698,Paul Sv,23,736-37-2371,Manager,2024-09-01
CUS_0x69b1,Wohlo,55,467-20-6340,Mechanic,2023-06-01
CUS_0x69ea,Chucks,20,087-42-0921,Manager,2024-12-01
CUS_0x6a0b,Edwardm,31,389-82-7177,Developer,2025-01-01
CUS_0x6a1b,Toonkeln,33,252-50-2326,Accountant,2023-04-01
CUS_0x6a66,Lauren Tarac,39,116-73-1838,Manager,2023-04-01
CUS_0x6a74,Dana,19,876-18-9837,Entrepreneur,2023-11-01
CUS_0x6ad2,Robin Emmottq,40,025-76-6023,Media_Manager,2023-06-01
CUS_0x6ae2,Kyleq,36,875-53-5736,Writer,2024-06-01
CUS_0x6aec,Matt Dailyf,36_,#F%$D@*&8,Journalist,2024-02-01
CUS_0x6aed,Lesleyq,23,930-14-3678,_______,2024-09-01
CUS_0x6b89,Virkia,39,702-92-3642,Media_Manager,2024-04-01
CUS_0x6ba3,Jonathan Stempelg,22,531-12-1324,Developer,2024-06-01
CUS_0x6bcf,Jan Strupczewskil,41,090-00-2258,Architect,2025-01-01
CUS_0x6c4c,Weira,47,#F%$D@*&8,Accountant,2023-06-01
CUS_0x6c4e,Tom Berginh,33,467-01-4929,Architect,2024-03-01
CUS_0x6c85,Taraf,22,920-99-0917,Architect,2023-06-01
CUS_0x6e64,"""John ODonnell""a",38,#F%$D@*&8,Scientist,2024-04-01
CUS_0x6e7,Rachelle Younglaik,34,636-33-5615,Engineer,2024-05-01
CUS_0x6e8,Jonesh,52,061-88-8236,Lawyer,2023-03-01
CUS_0x6ed7,Nick Brownq,45,759-77-2479,Media_Manager,2024-12-01
CUS_0x6edb,Barre,15,264-57-9830,Journalist,2024-02-01
CUS_0x6f09,Andoo,39,#F%$D@*&8,Journalist,2023-03-01
CUS_0x6f71,Brianr,34,445-60-2482,Lawyer,2024-10-01
CUS_0x6f78,Driverq,49,845-98-6688,Manager,2023-07-01
CUS_0x703f,Annikam,37,830-01-1609,Writer,2023-01-01
CUS_0x70d6,Connorz,43,845-19-4578,Journalist,2023-06-01
CUS_0x7110,Jessica Toonkelj,34,501-31-1895,_______,2024-09-01
CUS_0x717d,Janr,26,913-82-0485,Lawyer,2024-09-01
CUS_0x7189,Ryand,20,889-45-9570,Media_Manager,2024-10-01
CUS_0x7198,Ghoshy,25,745-79-3142,Writer,2023-07-01
CUS_0x71e0,Aruna Viswanathau,28,330-96-0638,Mechanic,2023-09-01
CUS_0x7210,Lisa Baertleind,23,827-85-4562,Architect,2024-11-01
CUS_0x7250,Doris Frankelj,37,651-67-7536,Teacher,2024-06-01
CUS_0x7258,Laurencep,17,942-66-7166,Entrepreneur,2024-01-01
CUS_0x72c0,Laurence Frostd,16,046-25-3960,Teacher,2024-07-01
CUS_0x7327,Vizcainoe,19,156-82-3458,Manager,2025-01-01
CUS_0x7341,Mirnaj,36,227-87-8495,Journalist,2024-12-01
CUS_0x7354,Henryi,51,904-08-9318,Manager,2023-05-01
CUS_0x7373,Emilyr,31,#F%$D@*&8,Accountant,2023-01-01
CUS_0x73a5,Prakash Chakravartih,22,759-19-6701,Developer,2024-01-01
CUS_0x73b1,Parisar,24,929-57-3185,Musician,2024-02-01
CUS_0x73e6,Sinead Cruisep,27,732-04-5437,Developer,2023-03-01
CUS_0x7430,Angelan,20,623-69-0437,Journalist,2023-02-01
CUS_0x74e5,Wickhamw,24,596-70-1576,Teacher,2024-04-01
CUS_0x753,Barrz,49,250-36-8350,Manager,2024-05-01
CUS_0x756d,"""Eileenj",34,#F%$D@*&8,Mechanic,2023-02-01
CUS_0x757d,Caroliney,26,522-28-0477,Lawyer,2024-06-01
CUS_0x758f,Schneyerh,17,212-86-0554,Doctor,2023-12-01
CUS_0x7623,LaCapral,19,315-73-7611,Musician,2023-11-01
CUS_0x7659,Kanekoy,56,630-95-1303,Lawyer,2023-02-01
CUS_0x7666,Dolano,54,922-59-5950,Entrepreneur,2024-11-01
CUS_0x7671,Dan Leviney,32,199-01-3833,Musician,2023-12-01
CUS_0x7694,Picyy,38,567-09-4004,Doctor,2023-09-01
CUS_0x7699,Miyoungx,22,152-69-5817,Developer,2023-10-01
CUS_0x76d4,Stephen Aldredo,47,528-44-7056,Entrepreneur,2023-06-01
CUS_0x7711,Stella Dawsonk,40,339-01-5731,Mechanic,2024-03-01
CUS_0x7738,Noahw,54,266-30-9595,Developer,2024-09-01
CUS_0x77de,Emmal,52,251-33-5052,Scientist,2023-04-01
CUS_0x78a7,Lynchf,51,561-74-1832,Lawyer,2023-01-01
CUS_0x78ce,Sinead Cruiseu,44,882-44-3099,Writer,2024-03-01
CUS_0x78e8,"OGrady""g",19_,585-82-8337,Doctor,2023-12-01
CUS_0x7955,Caroline Valetkevitchr,33,294-52-2292,Entrepreneur,2024-09-01
CUS_0x7977,Morganp,23,974-79-8370,Teacher,2023-02-01
CUS_0x7982,Alexei Oreskovicz,38,322-39-3378,Writer,2024-05-01
CUS_0x79aa,Jeffw,34,824-45-3893,_______,2023-01-01
CUS_0x79bd,Flitterk,33,419-74-7436,Accountant,2024-10-01
CUS_0x79f7,Lynche,39,#F%$D@*&8,Scientist,2024-01-01
CUS_0x7a01,Supanthao,24,323-84-9870,Media_Manager,2024-03-01
CUS_0x7a2d,Lannind,35,439-03-4945,Journalist,2023-01-01
CUS_0x7a50,Kateo,51,815-15-5821,Journalist,2024-05-01
CUS_0x7a56,Nivedita Bhattacharjees,45,882-19-9462,Manager,2023-08-01
CUS_0x7a59,Matt Scuffhami,30,227-84-8917,Accountant,2023-04-01
CUS_0x7b15,Y.t,26,173-42-8880,Accountant,2024-06-01
CUS_0x7b4b,Nick Brownm,25_,065-77-9473,Scientist,2025-01-01
CUS_0x7b52,David Henryw,35,015-91-6589,_______,2023-01-01
CUS_0x7b66,Shaod,18,#F%$D@*&8,Writer,2023-06-01
CUS_0x7b94,Rochay,19,449-05-9106,Media_Manager,2024-07-01
CUS_0x7ba9,Strupczewskip,25,989-07-3770,Manager,2023-05-01
CUS_0x7baf,Alejl,41,792-88-1863,Lawyer,2023-07-01
CUS_0x7c00,Jones Chrisr,41,505-02-8809,Lawyer,2023-01-01
CUS_0x7c2a,Alexeir,34,#F%$D@*&8,Writer,2024-06-01
CUS_0x7c4a,Sayantani Ghoshi,43,193-71-6964,Writer,2023-07-01
CUS_0x7c60,Melissay,46,898-22-2622,Teacher,2023-02-01
CUS_0x7cb9,Noeli,37,599-00-9018,Media_Manager,2023-01-01
CUS_0x7cc1,Meganb,22,169-92-6237,Writer,2024-08-01
CUS_0x7cd8,Denny Thomasp,53,454-37-7311,Journalist,2023-04-01
CUS_0x7cdc,Thomas Escritth,50_,303-66-3456,Developer,2025-01-01
CUS_0x7cfb,Joyg,24,836-40-8633,Accountant,2023-07-01
CUS_0x7d05,Orann,32,877-25-6063,Scientist,2023-11-01
CUS_0x7d1e,en Klaymanc,41,003-51-5141,Scientist,2024-01-01
CUS_0x7da4,Douweg,43,033-63-5379,Journalist,2024-11-01
CUS_0x7dfc,Shirouzuf,30,720-13-2807,Developer,2024-12-01
CUS_0x7e0e,Lucia Mutikanij,30,694-08-8573,Entrepreneur,2023-02-01
CUS_0x7e1a,Osamu Tsukimoriy,41,154-74-2451,Accountant,2024-11-01
CUS_0x7e24,Kellyx,6728,298-06-5346,Media_Manager,2023-06-01
CUS_0x7e28,Emmax,35,192-58-9476,Media_Manager,2023-02-01
CUS_0x7e3e,Gershbergk,30,230-16-9822,Engineer,2023-10-01
CUS_0x7e3f,Blounte,49_,615-29-8753,Engineer,2023-09-01
CUS_0x7e5b,Chucke,44,176-51-3094,Architect,2024-07-01
CUS_0x7e8a,Cheungo,17,668-06-0629,Doctor,2023-02-01
CUS_0x7ee,Maria Sheahany,30,193-00-4284,Lawyer,2024-07-01
CUS_0x7f27,Ernesti,52_,596-88-3424,Entrepreneur,2024-07-01
CUS_0x7f32,Nick Zieminskij,31,895-90-3550,Writer,2024-08-01
CUS_0x7f3c,Jamesk,44,427-34-4793,Architect,2024-11-01
CUS_0x7fe2,Swethau,36,517-05-0352,Developer,2023-01-01
CUS_0x804e,Laurence Fletcherz,45,424-56-2527,Teacher,2025-01-01
CUS_0x808d,Patrickx,22,412-24-5325,Teacher,2024-11-01
CUS_0x8125,Wesselsr,20,764-23-2835,Media_Manager,2024-01-01
CUS_0x8132,Briany,35,352-95-7668,Architect,2023-10-01
CUS_0x81d,Georgiopoulosx,27,806-28-3875,Scientist,2023-12-01
CUS_0x81e4,LaCaprac,24,274-13-7459,Teacher,2023-05-01
CUS_0x8204,Paulp,19_,#F%$D@*&8,Developer,2024-11-01
CUS_0x820c,Karent,20,464-41-9296,Developer,2023-11-01
CUS_0x8216,Matthias Sobolewskia,17,888-44-5992,Architect,2023-05-01
CUS_0x8232,Euani,36,146-07-7618,Developer,2024-03-01
CUS_0x8234,Annh,44,838-10-8480,_______,2024-01-01
CUS_0x825d,Ernestd,52,884-90-7852,Musician,2023-04-01
CUS_0x8271,Parizl,40_,213-49-2021,Media_Manager,2024-07-01
CUS_0x82dd,Norihiko Shirouzuw,20,473-98-6511,Mechanic,2024-05-01
CUS_0x82fa,Carrelg,17,146-30-8816,_______,2024-06-01
CUS_0x8327,Wroughtone,40,590-97-4255,Engineer,2023-03-01
CUS_0x8388,Alan Wheatleyy,29,617-55-4327,_______,2024-07-01
CUS_0x8399,Catherinem,22,528-82-8771,Doctor,2023-06-01
CUS_0x83a0,Matt Dailyg,42,640-44-9921,Doctor,2024-08-01
CUS_0x83f,Fredrikz,34,786-66-2253,Engineer,2024-12-01
CUS_0x840f,Doug Palmerj,23,583-02-3933,Scientist,2024-12-01
CUS_0x8417,Thanv,20,941-02-3149,Lawyer,2024-05-01
CUS_0x844b,Grovery,41,948-62-5361,Engineer,2024-08-01
CUS_0x844d,Anna Yukhananovv,44,947-44-3246,Lawyer,2024-03-01
CUS_0x846e,Aless rav,33,152-12-7444,Musician,2023-05-01
CUS_0x848d,Shermanv,30,243-02-6463,Media_Manager,2024-05-01
CUS_0x84ae,Jamesg,29,#F%$D@*&8,Scientist,2023-05-01
CUS_0x84fe,Leee,38,579-44-7984,Media_Manager,2023-05-01
CUS_0x8519,Lienertu,54,423-52-1892,Architect,2024-11-01
CUS_0x8559,Wahbaw,29,606-11-9988,Scientist,2024-01-01
CUS_0x85bb,Chanb,50,549-77-8639,Writer,2023-05-01
CUS_0x85c0,Giannonef,41_,475-80-5537,Manager,2024-02-01
CUS_0x864a,Choe,50,288-57-7696,Teacher,2024-08-01
CUS_0x864e,Kumarh,33,345-95-5018,Media_Manager,2024-08-01
CUS_0x8658,Johnj,33,563-94-4382,Musician,2023-01-01
CUS_0x8694,Victoria Cavalierez,24,720-71-8141,Accountant,2023-05-01
CUS_0x8702,Dasy,35,319-16-7153,Accountant,2024-08-01
CUS_0x8716,Matthewz,19,185-99-8068,Scientist,2024-12-01
CUS_0x872d,Davea,19,104-21-7383,Architect,2024-02-01
CUS_0x8785,Aradhanar,21,786-21-8884,Doctor,2024-07-01
CUS_0x879d,Carewu,25,788-22-2192,Manager,2024-01-01
CUS_0x87c5,Jonathan Cableo,40,362-65-9938,Doctor,2024-10-01
CUS_0x87e2,Vlastelicaj,43,#F%$D@*&8,Teacher,2024-04-01
CUS_0x87ec,Roumeliotisu,25,911-75-7932,Engineer,2023-03-01
CUS_0x87f,Carrick Mollenkampc,54,684-26-1191,Architect,2024-03-01
CUS_0x880,Herbertw,19,874-41-1891,Entrepreneur,2025-01-01
CUS_0x8804,Susan Tayloro,41,#F%$D@*&8,Accountant,2023-12-01
CUS_0x881e,Oreskovich,22,813-67-6950,Media_Manager,2023-06-01
CUS_0x8842,Rosss,56,633-86-8268,Teacher,2024-07-01
CUS_0x8844,Krishnang,35,022-30-0518,Mechanic,2023-05-01
CUS_0x8870,inig,42,549-65-3683,Manager,2024-09-01
CUS_0x892d,Guip,16,148-15-1292,Manager,2024-11-01
CUS_0x8967,Jonathan Stempely,30,340-62-7778,Journalist,2024-06-01
CUS_0x89aa,Kwokw,39,018-63-7005,Manager,2024-12-01
CUS_0x89c8,Chikafumif,49,929-04-4055,Lawyer,2024-03-01
CUS_0x8a1,Danb,33,022-55-1988,Musician,2023-11-01
CUS_0x8a5f,Langec,53,843-69-4562,Musician,2024-09-01
CUS_0x8a6e,Annab,49,413-30-1170,Mechanic,2023-01-01
CUS_0x8a8b,ernie Woodalle,24,475-74-0431,Media_Manager,2024-03-01
CUS_0x8a8c,Karen Jacobsu,32_,520-12-7956,Doctor,2024-07-01
CUS_0x8ad5,Deyi,27,393-14-3118,Engineer,2024-06-01
CUS_0x8b09,Nadia Damounik,47,909-85-2827,Lawyer,2024-01-01
CUS_0x8b29,Kambasj,55,752-20-2242,_______,2023-07-01
CUS_0x8b38,Rothackerq,29,872-37-5162,Entrepreneur,2025-01-01
CUS_0x8b4f,rar,36,948-26-2105,Scientist,2024-12-01
CUS_0x8b74,Guptax,21,086-87-0866,Engineer,2024-01-01
CUS_0x8b91,Andrew Callusj,32,462-93-2900,Lawyer,2023-10-01
CUS_0x8bdd,Smita Madhurl,43,970-19-5512,Developer,2024-04-01
CUS_0x8c8a,Vlastelicaw,48,134-88-7054,Accountant,2023-09-01
CUS_0x8cd4,Armstrongm,51,776-50-5932,Lawyer,2024-02-01
CUS_0x8d2,Ln,37,183-30-2570,Entrepreneur,2023-03-01
CUS_0x8d3,Saitok,14,561-11-9757,Writer,2025-01-01
CUS_0x8d7,Gancep,36_,514-69-0830,Developer,2024-12-01
CUS_0x8e00,Costas Pitast,33,001-96-3136,_______,2024-11-01
CUS_0x8e6e,Tom Milesv,43,741-44-9176,Accountant,2024-08-01
CUS_0x8e70,Tom Halsv,25,991-60-0129,Media_Manager,2024-02-01
CUS_0x8e72,Freifeldz,49,767-92-0166,Lawyer,2024-10-01
CUS_0x8e7f,Moffettb,31,562-19-0606,Lawyer,2023-09-01
CUS_0x8ea,Chang-Ranx,29,069-74-8043,Journalist,2024-03-01
CUS_0x8eac,Dhanyax,20,558-73-0393,Journalist,2025-01-01
CUS_0x8f35,Michael Ermano,20,201-78-5838,Mechanic,2025-01-01
CUS_0x8f45,Patrick Temple-Westu,48,764-27-1364,Architect,2023-07-01
CUS_0x8f58,William Mallardb,20,090-30-0699,_______,2025-01-01
CUS_0x8f7e,Katya Wachtelp,32_,235-01-7131,Scientist,2023-01-01
CUS_0x8fd5,Svea Herbst-Baylissi,46,477-76-8519,Mechanic,2024-06-01
CUS_0x8fe0,Rq,17,990-03-5675,Architect,2024-05-01
CUS_0x8fec,Yoko Kubotam,19,026-74-9990,Architect,2024-12-01
CUS_0x8ff8,Michele Kambasg,28,765-92-4564,Developer,2024-07-01
CUS_0x9002,Nickp,43,540-68-4591,Media_Manager,2024-02-01
CUS_0x9038,Annab,54,457-44-5854,Engineer,2023-10-01
CUS_0x903a,Ruwitchg,37,702-75-9603,Doctor,2024-06-01
CUS_0x9070,Himank Sharmad,31,117-73-0212,Scientist,2025-01-01
CUS_0x9074,Giannoneh,31,866-84-7018,Manager,2023-10-01
CUS_0x90e2,Freifeldf,40,767-53-7638,Architect,2023-02-01
CUS_0x9102,Soldatkinc,43,977-79-5989,Mechanic,2023-01-01
CUS_0x9123,Poornima Guptaj,35,852-62-5449,Mechanic,2023-03-01
CUS_0x9167,Henryh,22,033-47-7890,Entrepreneur,2023-10-01
CUS_0x9175,Alistaira,45,805-74-9060,Writer,2024-01-01
CUS_0x9176,Shupingj,18,217-87-7841,Writer,2023-07-01
CUS_0x917b,Pault,43,448-74-9798,Engineer,2024-02-01
CUS_0x91b2,Brett Wolfv,34,779-31-9352,Manager,2025-01-01
CUS_0x91df,Woodallu,50,654-29-2159,Accountant,2024-05-01
CUS_0x91f,Thomas Ferrarot,44,740-45-3202,Doctor,2024-12-01
CUS_0x9215,Nickk,33,749-11-6940,Media_Manager,2023-03-01
CUS_0x922,Alanl,32,278-74-1400,Architect,2024-05-01
CUS_0x925,Helenx,-500,106-34-4700,Accountant,2025-01-01
CUS_0x9278,Johnc,22,424-53-6443,_______,2023-01-01
CUS_0x9288,Lauren Tarah,20,850-92-6811,Scientist,2023-03-01
CUS_0x92b9,Jeb Blountz,16,855-40-7496,Teacher,2024-07-01
CUS_0x92d5,Jennifer Clarkh,36,829-49-1325,Doctor,2023-09-01
CUS_0x92f9,Chang-Ran Kimp,21,818-22-3188,Lawyer,2023-11-01
CUS_0x9338,Bartj,19,420-69-3653,Architect,2024-04-01
CUS_0x935b,Wohlc,32,814-23-1843,Developer,2024-12-01
CUS_0x9365,Julien Toyerz,19,452-11-1523,Teacher,2024-04-01
CUS_0x940d,McCoola,32,804-37-1515,Lawyer,2023-10-01
CUS_0x9442,Edmundr,25,850-53-3186,Mechanic,2024-08-01
CUS_0x9443,ena,25,105-69-3347,Doctor,2023-02-01
CUS_0x944e,Vlastelicax,24,815-15-2261,Architect,2023-10-01
CUS_0x94ae,Oliviam,22,445-11-4795,Entrepreneur,2023-02-01
CUS_0x94f6,Nickt,52,581-88-3699,Scientist,2023-07-01
CUS_0x953c,Aruna Viswanathag,30,380-11-4962,Engineer,2024-10-01
CUS_0x9550,Roumeliotism,34,780-51-5608,Writer,2024-01-01
CUS_0x955d,Danield,19,388-86-0082,Scientist,2023-06-01
CUS_0x956d,Stevens,23,650-14-3043,Manager,2023-08-01
CUS_0x958e,Saeed Azharp,24,937-11-0997,_______,2023-10-01
CUS_0x95e7,Michelle Martino,22,423-07-8408,Doctor,2023-10-01
CUS_0x960f,Zhuf,5504,203-84-6827,Media_Manager,2023-12-01
CUS_0x961f,Ajitx,44,206-62-4836,Writer,2024-12-01
CUS_0x971a,Hilary Burkej,36,231-29-0095,Manager,2023-08-01
CUS_0x975d,Ronaldz,47,602-97-7518,Doctor,2023-10-01
CUS_0x97a4,Svea Herbst-Baylissg,24,900-82-5231,Teacher,2023-11-01
CUS_0x97aa,Patrick Temple-Westy,27,#F%$D@*&8,Writer,2023-04-01
CUS_0x9828,Luciao,23,889-61-7625,Musician,2023-10-01
CUS_0x9836,N.k,26,079-48-0859,Scientist,2024-10-01
CUS_0x9871,Flynnr,31,968-80-1460,Lawyer,2024-03-01
CUS_0x9884,Barrc,40,135-78-6636,Manager,2023-09-01
CUS_0x98a,Camposg,40,714-91-7378,Entrepreneur,2023-07-01
CUS_0x98cc,Toonkelo,21_,140-36-0945,_______,2024-06-01
CUS_0x98cd,Suchitra Mohantyg,19,477-15-2157,Entrepreneur,2024-11-01
CUS_0x9902,Braden Reddallh,31,568-59-0290,Manager,2023-05-01
CUS_0x990e,Groverp,22,438-34-4439,Accountant,2024-02-01
CUS_0x9916,Jonathan Stempelc,203,797-89-1729,Journalist,2023-01-01
CUS_0x9983,Julien Toyerb,36_,510-91-2920,Writer,2024-03-01
CUS_0x99a9,Jennifer Sabam,21,665-44-5354,Developer,2023-11-01
CUS_0x99ec,Amanw,22,809-25-3671,Scientist,2024-02-01
CUS_0x9a18,Barlynp,43,401-98-9699,Musician,2024-03-01
CUS_0x9a26,Adegokew,34,265-46-1313,Teacher,2024-01-01
CUS_0x9a55,Kathyy,43,371-02-6134,Scientist,2023-01-01
CUS_0x9a70,Gilbert Kreijgerq,31,#F%$D@*&8,Mechanic,2024-03-01
CUS_0x9aa1,Poornimak,40,375-38-2010,Architect,2024-03-01
CUS_0x9ac5,Wachtelk,47,232-20-2845,Lawyer,2024-08-01
CUS_0x9c03,Harich anq,19,511-89-6968,_______,2023-11-01
CUS_0x9c2e,Matt Robinsonu,22,342-20-6397,Accountant,2023-04-01
CUS_0x9c85,Andreas Rinkes,46,680-59-2006,Accountant,2023-09-01
CUS_0x9cdc,Mostafavin,24,187-13-2907,Scientist,2024-06-01
CUS_0x9ce0,Elleno,34,347-83-4432,Entrepreneur,2024-11-01
CUS_0x9ce4,Richard Leongc,40,420-50-3636,Developer,2023-08-01
CUS_0x9d0a,Thomasw,42_,757-20-7915,Entrepreneur,2024-09-01
CUS_0x9d3d,Nicko,43,011-04-1828,Teacher,2024-09-01
CUS_0x9d51,Denis Astrida,32,189-87-7469,Musician,2023-04-01
CUS_0x9d64,Clarkh,28,706-23-5738,Accountant,2025-01-01
CUS_0x9da4,Carolineb,18,853-63-1222,Architect,2024-07-01
CUS_0x9dc3,en Berkowitzi,20,698-31-2770,Manager,2024-11-01
CUS_0x9df0,Timk,39,846-31-4164,Entrepreneur,2023-10-01
CUS_0x9df7,Jans,41,177-05-4513,Writer,2023-09-01
CUS_0x9e3c,Bend,18,968-16-4399,Doctor,2023-05-01
CUS_0x9e3f,Raymondm,36,081-77-6270,Architect,2024-07-01
CUS_0x9e42,Jan Strupczewskix,39,686-51-6231,Media_Manager,2024-06-01
CUS_0x9e5b,Scotty,26,173-43-7218,Manager,2023-03-01
CUS_0x9e5f,Daniell,21,197-92-8655,Teacher,2023-08-01
CUS_0x9e80,Noelc,39,209-05-4739,Journalist,2024-09-01
CUS_0x9e8d,Emi Emotof,35,348-93-6719,Entrepreneur,2023-11-01
CUS_0x9ed1,Vikram Subhedarh,48,397-13-1501,Journalist,2023-11-01
CUS_0x9ee4,Alister Bullk,51,425-72-7007,Manager,2023-09-01
CUS_0x9efc,Xiaoyi Shaoa,28,168-85-8251,Accountant,2024-07-01
CUS_0x9efd,Philm,28,886-97-0783,Manager,2024-06-01
CUS_0x9f69,Seetharamanh,53,880-46-4570,Developer,2024-12-01
CUS_0x9fff,Tenf,54,826-73-0532,Mechanic,2024-12-01
CUS_0xa00f,Farahs,41,436-51-1042,Writer,2024-05-01
CUS_0xa011,Katharinao,20,#F%$D@*&8,Developer,2023-09-01
CUS_0xa04f,Steven C.z,43,#F%$D@*&8,Architect,2023-05-01
CUS_0xa05,Kimh,21,246-60-3653,Media_Manager,2025-01-01
CUS_0xa053,t Astridn,39,094-81-5856,Writer,2024-01-01
CUS_0xa06,Alistairp,39,522-90-6154,Developer,2024-03-01
CUS_0xa080,Huw Jonesf,-500,474-20-1816,Engineer,2023-12-01
CUS_0xa08c,Drivers,38,390-81-3983,Architect,2023-07-01
CUS_0xa0cd,Jasonb,50,870-09-1756,Mechanic,2024-04-01
CUS_0xa130,Steven Scheery,23,834-71-0072,Journalist,2024-02-01
CUS_0xa204,Bullb,36,966-03-9034,Doctor,2024-09-01
CUS_0xa223,Yokok,24,330-17-7373,_______,2023-08-01
CUS_0xa26,James Daveyn,42,604-83-5084,Lawyer,2024-02-01
CUS_0xa262,Lisa Baertleinr,22,579-46-3006,Lawyer,2024-12-01
CUS_0xa279,Miedemac,37,845-19-4481,Developer,2024-08-01
CUS_0xa2b,Sarahw,31,427-87-7635,Manager,2023-12-01
CUS_0xa2b6,Louise Egane,45,426-46-8465,Teacher,2024-09-01
CUS_0xa2eb,Ashleyh,43,733-40-5119,_______,2024-11-01
CUS_0xa2f7,Kevinq,43,858-89-0350,Architect,2025-01-01
CUS_0xa303,Sveag,30,#F%$D@*&8,Manager,2023-03-01
CUS_0xa31b,Ritsukok,30,167-32-9860,Architect,2023-06-01
CUS_0xa36e,Walterh,49,640-30-2701,Architect,2023-12-01
CUS_0xa3b5,Dhanyaj,55,748-03-0674,Scientist,2024-07-01
CUS_0xa442,Sonaliv,22,518-48-0138,Lawyer,2023-03-01
CUS_0xa46e,Jessica Wohli,20,105-63-6085,Accountant,2025-01-01
CUS_0xa478,Clairet,27,289-96-2635,Musician,2024-01-01
CUS_0xa4d9,Laurencek,33,616-58-0746,Mechanic,2024-12-01
CUS_0xa4ee,Andrewz,18,595-44-8320,Journalist,2025-01-01
CUS_0xa53,Angelam,36,243-69-8365,Musician,2024-07-01
CUS_0xa5a4,Silkel,19,810-65-1317,Mechanic,2025-01-01
CUS_0xa666,Krudyj,38,587-63-0002,Media_Manager,2024-05-01
CUS_0xa667,Narayanang,52,945-60-6497,_______,2024-07-01
CUS_0xa66c,Ernest Scheyderi,24,770-36-8261,Accountant,2023-12-01
CUS_0xa682,Ruby Lianl,53,276-56-8950,Mechanic,2023-04-01
CUS_0xa68a,Timc,30,722-25-5541,Doctor,2023-02-01
CUS_0xa6d5,Azharx,3537,360-00-8751,Accountant,2023-10-01
CUS_0xa6d9,Sineads,34,403-15-3171,Lawyer,2023-01-01
CUS_0xa6e7,Yaon,44,#F%$D@*&8,Architect,2024-07-01
CUS_0xa6e8,Samuelh,18,766-02-6429,Scientist,2023-08-01
CUS_0xa731,LaCapraw,40,118-75-1018,Architect,2023-04-01
CUS_0xa742,Grahamn,27,143-37-1481,Accountant,2024-04-01
CUS_0xa789,Toyerr,18,058-06-1493,Media_Manager,2024-10-01
CUS_0xa806,Wakip,15,577-56-0449,Musician,2023-02-01
CUS_0xa8cb,Hyunjoo Jinj,42,330-38-0880,Engineer,2024-09-01
CUS_0xa8d8,Barra,41,035-13-0288,Doctor,2023-08-01
CUS_0xa90d,Christiaan Hetzneri,38,087-22-0110,Lawyer,2024-08-01
CUS_0xa91f,Anishchuku,44,816-49-1841,Teacher,2024-05-01
CUS_0xa93f,Andreas Cremerm,45,#F%$D@*&8,Teacher,2024-02-01
CUS_0xaa29,Lindap,49,794-72-8882,Writer,2025-01-01
CUS_0xaa4,Ricks,46,951-05-7822,Architect,2023-04-01
CUS_0xaa5a,Julien Toyeri,21,622-18-5455,Doctor,2023-11-01
CUS_0xaa83,Byrnesy,35,331-60-0907,Lawyer,2024-01-01
CUS_0xaa8d,Stephen Aldredu,39,898-00-1803,Manager,2024-03-01
CUS_0xab26,Taylorf,36,886-95-6914,Journalist,2024-11-01
CUS_0xab32,Sophiex,42,177-21-7542,Doctor,2023-04-01
CUS_0xab65,Tim Kellym,18,514-55-7653,Accountant,2024-10-01
CUS_0xab7b,Bosellih,21,530-16-2887,Developer,2025-01-01
CUS_0xab8,Rebekahb,44,403-76-8313,Doctor,2024-07-01
CUS_0xab9d,Stempell,35,976-87-8587,Musician,2024-07-01
CUS_0xabc1,Rachelle Younglaik,18,963-46-6377,Media_Manager,2023-07-01
CUS_0xabc6,Sarah N.s,26,588-48-6819,Mechanic,2024-11-01
CUS_0xabc9,Ann Saphirp,35,691-56-6885,Accountant,2024-02-01
CUS_0xac31,Toyeru,25,580-52-0449,Engineer,2025-01-01
CUS_0xac5a,Lionel Laurentx,26,#F%$D@*&8,Accountant,2023-11-01
CUS_0xac81,Emmottl,34,211-79-7436,Mechanic,2024-03-01
CUS_0xac85,Grantu,38,512-49-9006,Scientist,2024-08-01
CUS_0xacc7,Andy Brucet,26,417-24-5530,Lawyer,2024-11-01
CUS_0xacec,Laurentn,18,661-67-1317,Writer,2023-12-01
CUS_0xad12,Sublerz,45,#F%$D@*&8,Scientist,2024-01-01
CUS_0xad15,Jane,39,611-34-7572,Scientist,2024-04-01
CUS_0xad18,Stanley Whiten,5643,#F%$D@*&8,Developer,2024-05-01
CUS_0xadb2,Victorh,42,807-07-8104,_______,2023-01-01
CUS_0xadc4,Lauren Tarah,34,640-99-9965,Lawyer,2024-12-01
CUS_0xadcd,Kiharau,40,034-21-3041,_______,2024-11-01
CUS_0xadcf,Sakaria,43,024-47-8084,Accountant,2024-08-01
CUS_0xae14,Soyounga,41,047-52-5852,Media_Manager,2024-05-01
CUS_0xae62,Natex,29,726-89-7592,Musician,2023-08-01
CUS_0xae6a,Slaterh,52,944-46-8769,Lawyer,2023-01-01
CUS_0xae7d,Deepax,20,651-44-1370,Accountant,2023-01-01
CUS_0xaea7,Marku,15,899-86-9384,Entrepreneur,2024-11-01
CUS_0xaea9,Ryan Vlastelicaa,14,964-34-3476,Engineer,2024-03-01
CUS_0xaf39,Goldsteinq,36,450-82-3979,Accountant,2024-05-01
CUS_0xaf78,Lauren Taraf,25,037-62-3280,Journalist,2024-10-01
CUS_0xaf96,ras,3264,650-39-2764,_______,2023-08-01
CUS_0xafb6,Felsenthalg,21,182-48-2589,Developer,2024-03-01
CUS_0xafcd,Deyr,33,822-91-2677,_______,2023-04-01
CUS_0xaff2,Sam Nelsonr,25,402-57-1018,Lawyer,2024-11-01
CUS_0xb00,Alwyn Scotth,38,585-13-6101,Writer,2024-04-01
CUS_0xb000,Frazierm,21,087-15-2781,Media_Manager,2024-11-01
CUS_0xb005,Bille,36,211-68-7344,_______,2023-08-01
CUS_0xb05b,Praveen Menonr,24,232-48-0599,Developer,2024-02-01
CUS_0xb066,Xizew,20,664-33-5906,Engineer,2023-12-01
CUS_0xb091,Saulw,56,805-31-0884,Mechanic,2023-10-01
CUS_0xb0e4,Niak,55,022-68-0160,Media_Manager,2023-01-01
CUS_0xb0e8,Foo Yune,25,#F%$D@*&8,_______,2023-05-01
CUS_0xb0fd,Andreat,31,#F%$D@*&8,Architect,2024-02-01
CUS_0xb122,Nicola Leskew,32,399-21-8755,Lawyer,2023-10-01
CUS_0xb125,Vidyaq,3856,744-83-0776,Media_Manager,2024-08-01
CUS_0xb130,Karina Grazinaa,30,040-41-0981,Entrepreneur,2023-03-01
CUS_0xb144,Liana B.r,28_,649-43-0997,Developer,2023-02-01
CUS_0xb15c,Deepa Seetharamanq,33,223-57-2183,Accountant,2023-06-01
CUS_0xb220,Longstrethj,18,677-44-3825,_______,2023-01-01
CUS_0xb2d5,Sullivane,15,#F%$D@*&8,Musician,2024-02-01
CUS_0xb33a,Wolfi,19,005-38-9116,Teacher,2023-04-01
CUS_0xb340,Jenniferh,18,059-35-4671,Mechanic,2024-06-01
CUS_0xb369,Gernot Hellero,29,293-45-5704,Media_Manager,2024-07-01
CUS_0xb3bd,Solarinaa,42,642-73-7670,Architect,2023-11-01
CUS_0xb3e3,Peter Appsp,41,694-38-0048,Teacher,2024-08-01
CUS_0xb40d,Shaor,19,886-87-2102,Architect,2024-03-01
CUS_0xb43,John McCrankr,17,487-34-1786,Entrepreneur,2024-07-01
CUS_0xb453,Elzio Barretoc,36,002-04-1319,Doctor,2024-10-01
CUS_0xb46,illd,33,004-46-4845,Engineer,2023-01-01
CUS_0xb481,Padraic Halpinm,26,214-50-8529,Engineer,2024-03-01
CUS_0xb4b7,Reddallv,31,252-13-8738,Journalist,2024-02-01
CUS_0xb4cb,Stanley Whitek,55,825-59-5740,Scientist,2024-12-01
CUS_0xb508,yv,26,106-55-1522,Entrepreneur,2023-03-01
CUS_0xb538,Norihiko Shirouzui,16,760-11-8872,Musician,2023-03-01
CUS_0xb53d,Annikac,35,729-06-8587,Media_Manager,2024-02-01
CUS_0xb53e,Tim Kellyo,30,175-81-0535,Media_Manager,2024-02-01
CUS_0xb586,Neilz,56,437-59-9821,Engineer,2023-07-01
CUS_0xb63e,Ben Klaymane,37,646-59-8591,Engineer,2023-04-01
CUS_0xb645,Michaele,38,#F%$D@*&8,Engineer,2023-03-01
CUS_0xb749,Christophc,27,351-84-1643,Mechanic,2023-02-01
CUS_0xb761,Dominique Vidalonz,39,528-98-1987,Scientist,2023-11-01
CUS_0xb7b1,Charlie Dunmorex,21,607-46-9294,Mechanic,2024-12-01
CUS_0xb7d4,Jennifer Hoytl,45,621-69-4420,Developer,2024-01-01
CUS_0xb7d9,Taylorj,39,790-51-5647,Scientist,2024-12-01
CUS_0xb7ef,Samd,27,786-92-9485,Manager,2024-12-01
CUS_0xb807,Jedh,38,766-13-4262,Writer,2024-08-01
CUS_0xb808,Francesca Le,29,743-14-3427,_______,2024-02-01
CUS_0xb8c,Yeeq,24,146-11-7370,Writer,2024-03-01
CUS_0xb8d4,Jan Strupczewskid,33,362-15-7400,Entrepreneur,2023-03-01
CUS_0xb8f6,Melp,45,367-94-5147,_______,2023-06-01
CUS_0xb92e,Nickq,16,#F%$D@*&8,Entrepreneur,2024-02-01
CUS_0xb948,Mikez,29,341-45-1822,Writer,2023-08-01
CUS_0xb970,Jeffreyy,15,210-36-3488,Engineer,2023-11-01
CUS_0xb997,Emma Thomassony,22,202-68-4543,Doctor,2024-09-01
CUS_0xb9ae,Costa Rachellef,26,121-97-1297,Doctor,2024-06-01
CUS_0xb9e6,Adam Jourdang,18,860-04-7636,Journalist,2023-08-01
CUS_0xb9ea,Aileen Wangy,34,202-04-9323,Writer,2023-05-01
CUS_0xba03,Bernabeiz,45,548-66-1159,_______,2023-03-01
CUS_0xba6,Mia Shanleyz,46,808-86-3684,Engineer,2023-08-01
CUS_0xbaa0,Sonali Paula,21,622-60-1700,Manager,2024-04-01
CUS_0xbad6,Ethan Bilbyw,38,547-04-1695,Musician,2024-09-01
CUS_0xbaf2,McCoolm,28,569-52-7755,Developer,2024-08-01
CUS_0xbb2a,Lefteris Papadimass,23,700-78-2708,Writer,2024-09-01
CUS_0xbbaf,Joeb,28,472-64-4565,Journalist,2024-11-01
CUS_0xbbc6,ra Alpere,27,122-43-5969,Accountant,2024-08-01
CUS_0xbbd8,Lisa Juccai,21,849-15-4668,_______,2024-04-01
CUS_0xbbe4,Mikey,25,162-52-7725,Scientist,2023-01-01
CUS_0xbbff,Swatin,24,245-76-8164,Writer,2024-12-01
CUS_0xbc03,Yaoh,36_,939-69-9988,Journalist,2024-05-01
CUS_0xbc23,Costasn,39_,474-38-7638,Entrepreneur,2024-04-01
CUS_0xbc5f,Madeline Willo,22,883-06-0841,Media_Manager,2024-07-01
CUS_0xbc71,Jonathan Str,44,792-12-2499,Musician,2024-06-01
CUS_0xbc7f,Rinkex,39,111-47-2435,Teacher,2024-04-01
CUS_0xbcb2,Martin Santaq,32,250-74-5945,Entrepreneur,2024-11-01
CUS_0xbcc9,Terry Baynesl,40,628-62-7723,Scientist,2023-02-01
CUS_0xbcca,Huw Jonesa,40,844-59-1910,Writer,2023-05-01
CUS_0xbccb,Natep,45_,514-06-0714,Engineer,2023-03-01
CUS_0xbce,Adlerb,18,186-94-9117,Architect,2023-09-01
CUS_0xbd95,Kelleher Jessicag,36,235-61-1975,Journalist,2025-01-01
CUS_0xbdb4,Pete Sweeneyo,36,997-19-1168,Scientist,2024-01-01
CUS_0xbdf7,Nhlapok,41,698-60-8051,Teacher,2024-06-01
CUS_0xbe1d,Nicola Lesked,26,951-33-4234,Musician,2024-11-01
CUS_0xbe64,Siddharth Cavaleo,31,#F%$D@*&8,Engineer,2023-05-01
CUS_0xbe9,Raymonda,55_,307-02-5111,_______,2024-05-01
CUS_0xbe97,Jessica Wohlw,52,059-64-0250,Doctor,2024-09-01
CUS_0xbeb8,Diane Bartzw,35,403-31-1021,Entrepreneur,2023-03-01
CUS_0xbf55,Valetkevitchv,38,293-42-1972,Journalist,2023-01-01
CUS_0xbfa6,Espanaa,37,006-73-8209,Teacher,2023-04-01
CUS_0xbfd5,Jennifer Sabag,53,452-29-0142,Musician,2023-08-01
CUS_0xbfdb,"""Johnw",31,839-16-3066,Musician,2024-03-01
CUS_0xc02f,Lisac,22,603-89-2856,_______,2023-06-01
CUS_0xc03a,Edward Krudyh,44,932-28-9901,Manager,2024-10-01
CUS_0xc044,Lefteris Papadimasi,28,599-31-9121,_______,2023-07-01
CUS_0xc045,Sarahd,20,281-30-1712,Media_Manager,2024-03-01
CUS_0xc06a,Andreasz,32,162-49-4073,Writer,2024-12-01
CUS_0xc0d9,Lukew,34,762-52-2841,Accountant,2023-02-01
CUS_0xc19f,Sarahu,42,052-17-3249,Manager,2024-07-01
CUS_0xc1ce,Karen Pierogh,17_,332-59-0166,Musician,2024-01-01
CUS_0xc1f,Peters,21,161-09-0372,Architect,2023-10-01
CUS_0xc2a6,Lisa Baertleink,29,926-62-5300,Journalist,2023-09-01
CUS_0xc2cb,Kimr,2109,523-96-3939,Doctor,2023-09-01
CUS_0xc2eb,ra Alperj,49,476-80-8128,Musician,2024-07-01
CUS_0xc305,Sophie Sassardc,27,656-31-5843,Media_Manager,2023-01-01
CUS_0xc331,Stevex,45,456-51-6856,Doctor,2023-12-01
CUS_0xc3aa,Bradent,31,172-48-6355,_______,2023-01-01
CUS_0xc3d8,Angela Moony,27,781-21-4555,Developer,2024-11-01
CUS_0xc3e4,Laurence Frostx,34,505-53-7023,Engineer,2024-07-01
CUS_0xc3f2,Jonathan Gouldx,20,#F%$D@*&8,Engineer,2024-08-01
CUS_0xc405,Aditi Shahj,41,600-10-3827,Scientist,2025-01-01
CUS_0xc41f,Kerberz,31,710-88-8800,_______,2024-08-01
CUS_0xc491,Nicola Leskeq,36,878-88-0534,Developer,2024-08-01
CUS_0xc4bc,L.c,37,497-31-5365,Writer,2024-11-01
CUS_0xc4c9,Melj,30,147-54-4253,Entrepreneur,2024-01-01
CUS_0xc4d7,Kimz,18,356-44-7304,Journalist,2024-07-01
CUS_0xc599,Carlos Ruanob,20_,407-33-2562,Media_Manager,2024-04-01
CUS_0xc5a4,Emilyv,46,924-06-3877,Accountant,2023-07-01
CUS_0xc620,Nichola Groomy,-500,114-58-5451,_______,2024-07-01
CUS_0xc651,Antonella Cianciof,14,148-98-6816,Journalist,2023-07-01
CUS_0xc675,Langem,35,845-32-7827,Developer,2024-08-01
CUS_0xc68d,Jonathan Stempelm,41,527-59-1992,Musician,2024-01-01
CUS_0xc6ac,Pav Jordank,38,057-64-6271,Engineer,2023-09-01
CUS_0xc6dd,Hutchisonj,28,158-71-6199,Entrepreneur,2023-06-01
CUS_0xc6f2,Wanfengp,21,359-07-9611,Engineer,2023-07-01
CUS_0xc727,Lionel Laurentl,37,559-56-3897,Media_Manager,2023-11-01
CUS_0xc734,Koh Guia,38,946-82-3382,Media_Manager,2024-10-01
CUS_0xc78,Swatiq,39,906-90-3717,Teacher,2024-02-01
CUS_0xc7c,Valentina Zam,21,188-41-5955,Entrepreneur,2024-04-01
CUS_0xd33,Petea,40,897-09-1805,Musician,2023-02-01
CUS_0xd39,Steve Jamesu,15,387-68-6000,_______,2023-07-01
CUS_0xdc1,Paulb,54,202-07-3535,Journalist,2024-07-01
CUS_0xdcb,Lynchr,55,646-08-1772,Developer,2024-06-01
CUS_0xde1,Andreas Rinkei,24,719-61-2924,Entrepreneur,2024-05-01
CUS_0xe34,Shalal-Esas,43,366-72-5485,_______,2023-07-01
CUS_0xeda,Ringstrom Johanm,43,445-18-7956,Mechanic,2023-11-01
CUS_0xedb,Karen Jacobsz,37,099-33-6440,Architect,2023-10-01
CUS_0xf64,Rigbyr,32,478-73-8323,Doctor,2024-04-01
CUS_0xf95,Alexei Anishchukz,17_,082-42-3634,Entrepreneur,2025-01-01
CUS_0xfaf,Sveap,27,153-48-5124,Architect,2023-04-01
CUS_0xfd1,Frewy,32,389-55-6408,Architect,2024-12-01
CUS_0xfe4,Sarah McBriden,29,075-63-9119,Writer,2023-09-01
CUS_0xff6,Shieldsb,19,541-92-8371,Doctor,2024-10-01
